ex,Beef Tapa,kg,2026-09-15,0.8,0.8,0.27,1.76,"(0, 1, 1)","(1, 0, 1, 5)",-422.47,-402.31,0.24,0.31,31.86,27.06
Biscoff Spread,Biscoff Spread,g,2026-09-07,133.24,133.24,28.57,296.98,"(2, 1, 1)","(1, 1, 1, 5)",2968.81,2996.94,56.23,72.92,38.96,43.56
Biscoff Spread,Biscoff Spread,g,2026-09-08,129.93,129.93,26.68,292.78,"(2, 1, 1)","(1, 1, 1, 5)",2968.81,2996.94,56.23,72.92,38.96,43.56
Biscoff Spread,Biscoff Spread,g,2026-09-09,116.12,116.12,19.59,273.77,"(2, 1, 1)","(1, 1, 1, 5)",2968.81,2996.94,56.23,72.92,38.96,43.56
Biscoff Spread,Biscoff Spread,g,2026-09-10,139.16,139.16,31.26,306.43,"(2, 1, 1)","(1, 1, 1, 5)",2968.81,2996.94,56.23,72.92,38.96,43.56
Biscoff Spread,Biscoff Spread,g,2026-09-11,162.91,162.91,44.51,339.24,"(2, 1, 1)","(1, 1, 1, 5)",2968.81,2996.94,56.23,72.92,38.96,43.56
Biscoff Spread,Biscoff Spread,g,2026-09-14,112.25,112.25,17.15,270.12,"(2, 1, 1)","(1, 1, 1, 5)",2968.81,2996.94,56.23,72.92,38.96,43.56
Biscoff Spread,Biscoff Spread,g,2026-09-15,121.04,121.04,21.29,282.82,"(2, 1, 1)","(1, 1, 1, 5)",2968.81,2996.94,56.23,72.92,38.96,43.56
Bottled Water,Bottled Water,pcs,2026-09-07,8.19,8.19,3.47,16.97,"(2, 1, 2)","(0, 0, 0, 5)",520.25,544.5,3.33,3.75,59.19,39.38
Bottled Water,Bottled Water,pcs,2026-09-08,8.11,8.11,3.42,16.83,"(2, 1, 2)","(0, 0, 0, 5)",520.25,544.5,3.33,3.75,59.19,39.38
Bottled Water,Bottled Water,pcs,2026-09-09,8.15,8.15,3.43,16.97,"(2, 1, 2)","(0, 0, 0, 5)",520.25,544.5,3.33,3.75,59.19,39.38
Bottled Water,Bottled Water,pcs,2026-09-10,8.13,8.13,3.42,16.93,"(2, 1, 2)","(0, 0, 0, 5)",520.25,544.5,3.33,3.75,59.19,39.38
Bottled Water,Bottled Water,pcs,2026-09-11,8.14,8.14,3.42,16.96,"(2, 1, 2)","(0, 0, 0, 5)",520.25,544.5,3.33,3.75,59.19,39.38
Bottled Water,Bottled Water,pcs,2026-09-14,8.14,8.14,3.42,16.95,"(2, 1, 2)","(0, 0, 0, 5)",520.25,544.5,3.33,3.75,59.19,39.38
Bottled Water,Bottled Water,pcs,2026-09-15,8.14,8.14,3.42,16.96,"(2, 1, 2)","(0, 0, 0, 5)",520.25,544.5,3.33,3.75,59.19,39.38
Brown Sugar Syrup,Brown Sugar Syrup,ml,2026-09-07,121.12,121.12,37.89,253.76,"(2, 1, 2)","(1, 1, 1, 5)",2428.17,2460.3,47.33,59.59,39.22,32.67
Brown Sugar Syrup,Brown Sugar Syrup,ml,2026-09-08,131.43,131.43,43.29,269.73,"(2, 1, 2)","(1, 1, 1, 5)",2428.17,2460.3,47.33,59.59,39.22,32.67
Brown Sugar Syrup,Brown Sugar Syrup,ml,2026-09-09,133.4,133.4,44.39,272.62,"(2, 1, 2)","(1, 1, 1, 5)",2428.17,2460.3,47.33,59.59,39.22,32.67
Brown Sugar Syrup,Brown Sugar Syrup,ml,2026-09-10,134.94,134.94,45.26,274.85,"(2, 1, 2)","(1, 1, 1, 5)",2428.17,2460.3,47.33,59.59,39.22,32.67
Brown Sugar Syrup,Brown Sugar Syrup,ml,2026-09-11,155.24,155.24,57.12,303.92,"(2, 1, 2)","(1, 1, 1, 5)",2428.17,2460.3,47.33,59.59,39.22,32.67
Brown Sugar Syrup,Brown Sugar Syrup,ml,2026-09-14,115.33,115.33,34.39,246.16,"(2, 1, 2)","(1, 1, 1, 5)",2428.17,2460.3,47.33,59.59,39.22,32.67
Brown Sugar Syrup,Brown Sugar Syrup,ml,2026-09-15,130.7,130.7,42.86,268.71,"(2, 1, 2)","(1, 1, 1, 5)",2428.17,2460.3,47.33,59.59,39.22,32.67
Butterfly Pea Tea,Butterfly Pea Tea,L,2026-09-07,0.43,0.43,0.14,1.34,"(1, 1, 0)","(1, 0, 1, 5)",-1074.41,-1054.25,0.12,0.13,54.83,53.76
Butterfly Pea Tea,Butterfly Pea Tea,L,2026-09-08,0.43,0.43,0.12,1.57,"(1, 1, 0)","(1, 0, 1, 5)",-1074.41,-1054.25,0.12,0.13,54.83,53.76
Butterfly Pea Tea,Butterfly Pea Tea,L,2026-09-09,0.42,0.42,0.07,2.54,"(1, 1, 0)","(1, 0, 1, 5)",-1074.41,-1054.25,0.12,0.13,54.83,53.76
Butterfly Pea Tea,Butterfly Pea Tea,L,2026-09-10,0.45,0.45,0.07,,"(1, 1, 0)","(1, 0, 1, 5)",-1074.41,-1054.25,0.12,0.13,54.83,53.76
Butterfly Pea Tea,Butterfly Pea Tea,L,2026-09-11,0.47,0.47,0.05,,"(1, 1, 0)","(1, 0, 1, 5)",-1074.41,-1054.25,0.12,0.13,54.83,53.76
Butterfly Pea Tea,Butterfly Pea Tea,L,2026-09-14,0.46,0.46,0.03,,"(1, 1, 0)","(1, 0, 1, 5)",-1074.41,-1054.25,0.12,0.13,54.83,53.76
Butterfly Pea Tea,Butterfly Pea Tea,L,2026-09-15,0.45,0.45,0.01,,"(1, 1, 0)","(1, 0, 1, 5)",-1074.41,-1054.25,0.12,0.13,54.83,53.76
Caramel Syrup,Caramel Syrup,ml,2026-09-07,225.09,225.09,95.26,480.2,"(1, 1, 1)","(1, 1, 1, 5)",1147.38,1171.49,79.67,93.17,33.13,30.43
Caramel Syrup,Caramel Syrup,ml,2026-09-08,233.36,233.36,99.04,496.75,"(1, 1, 1)","(1, 1, 1, 5)",1147.38,1171.49,79.67,93.17,33.13,30.43
Caramel Syrup,Caramel Syrup,ml,2026-09-09,263.8,263.8,113.93,554.16,"(1, 1, 1)","(1, 1, 1, 5)",1147.38,1171.49,79.67,93.17,33.13,30.43
Caramel Syrup,Caramel Syrup,ml,2026-09-10,257.28,257.28,110.7,542.01,"(1, 1, 1)","(1, 1, 1, 5)",1147.38,1171.49,79.67,93.17,33.13,30.43
Caramel Syrup,Caramel Syrup,ml,2026-09-11,278.7,278.7,121.25,582.14,"(1, 1, 1)","(1, 1, 1, 5)",1147.38,1171.49,79.67,93.17,33.13,30.43
Caramel Syrup,Caramel Syrup,ml,2026-09-14,224.88,224.88,94.87,480.9,"(1, 1, 1)","(1, 1, 1, 5)",1147.38,1171.49,79.67,93.17,33.13,30.43
Caramel Syrup,Caramel Syrup,ml,2026-09-15,236.23,236.23,100.36,502.49,"(1, 1, 1)","(1, 1, 1, 5)",1147.38,1171.49,79.67,93.17,33.13,30.43
Cheddar Cheese,Cheddar Cheese,g,2026-09-07,650.06,650.06,255.31,1568.45,"(2, 1, 0)","(1, 1, 0, 5)",882.61,902.71,160.88,219.13,22.02,24.43
Cheddar Cheese,Cheddar Cheese,g,2026-09-08,830.53,830.53,315.7,2063.33,"(2, 1, 0)","(1, 1, 0, 5)",882.61,902.71,160.88,219.13,22.02,24.43
Cheddar Cheese,Cheddar Cheese,g,2026-09-09,877.3,877.3,307.47,2341.19,"(2, 1, 0)","(1, 1, 0, 5)",882.61,902.71,160.88,219.13,22.02,24.43
Cheddar Cheese,Cheddar Cheese,g,2026-09-10,1059.58,1059.58,328.5,3146.66,"(2, 1, 0)","(1, 1, 0, 5)",882.61,902.71,160.88,219.13,22.02,24.43
Cheddar Cheese,Cheddar Cheese,g,2026-09-11,1026.0,1026.0,295.0,3250.7,"(2, 1, 0)","(1, 1, 0, 5)",882.61,902.71,160.88,219.13,22.02,24.43
Cheddar Cheese,Cheddar Cheese,g,2026-09-14,989.11,989.11,202.03,4173.52,"(2, 1, 0)","(1, 1, 0, 5)",882.61,902.71,160.88,219.13,22.02,24.43
Cheddar Cheese,Cheddar Cheese,g,2026-09-15,947.63,947.63,168.98,4465.26,"(2, 1, 0)","(1, 1, 0, 5)",882.61,902.71,160.88,219.13,22.02,24.43
Chicken Breast,Chicken Breast,kg,2026-09-07,0.91,0.91,0.3,1.93,"(0, 1, 1)","(0, 1, 1, 5)",-225.85,-209.77,0.3,0.39,32.31,27.63
Chicken Breast,Chicken Breast,kg,2026-09-08,1.04,1.04,0.38,2.14,"(0, 1, 1)","(0, 1, 1, 5)",-225.85,-209.77,0.3,0.39,32.31,27.63
Chicken Breast,Chicken Breast,kg,2026-09-09,0.93,0.93,0.31,1.96,"(0, 1, 1)","(0, 1, 1, 5)",-225.85,-209.77,0.3,0.39,32.31,27.63
Chicken Breast,Chicken Breast,kg,2026-09-10,1.11,1.11,0.42,2.27,"(0, 1, 1)","(0, 1, 1, 5)",-225.85,-209.77,0.3,0.39,32.31,27.63
Chicken Breast,Chicken Breast,kg,2026-09-11,1.25,1.25,0.51,2.51,"(0, 1, 1)","(0, 1, 1, 5)",-225.85,-209.77,0.3,0.39,32.31,27.63
Chicken Breast,Chicken Breast,kg,2026-09-14,0.91,0.91,0.3,1.93,"(0, 1, 1)","(0, 1, 1, 5)",-225.85,-209.77,0.3,0.39,32.31,27.63
Chicken Breast,Chicken Breast,kg,2026-09-15,1.04,1.04,0.37,2.14,"(0, 1, 1)","(0, 1, 1, 5)",-225.85,-209.77,0.3,0.39,32.31,27.63
Chicken Wings,Chicken Wings,kg,2026-09-07,4.45,4.45,2.62,7.8,"(2, 1, 1)","(1, 0, 1, 5)",-599.39,-571.18,1.07,1.26,25.91,22.96
Chicken Wings,Chicken Wings,kg,2026-09-08,4.32,4.32,2.5,7.72,"(2, 1, 1)","(1, 0, 1, 5)",-599.39,-571.18,1.07,1.26,25.91,22.96
Chicken Wings,Chicken Wings,kg,2026-09-09,4.33,4.33,2.5,7.78,"(2, 1, 1)","(1, 0, 1, 5)",-599.39,-571.18,1.07,1.26,25.91,22.96
Chicken Wings,Chicken Wings,kg,2026-09-10,4.62,4.62,2.66,8.35,"(2, 1, 1)","(1, 0, 1, 5)",-599.39,-571.18,1.07,1.26,25.91,22.96
Chicken Wings,Chicken Wings,kg,2026-09-11,5.22,5.22,2.99,9.58,"(2, 1, 1)","(1, 0, 1, 5)",-599.39,-571.18,1.07,1.26,25.91,22.96
Chicken Wings,Chicken Wings,kg,2026-09-14,4.12,4.12,2.38,7.39,"(2, 1, 1)","(1, 0, 1, 5)",-599.39,-571.18,1.07,1.26,25.91,22.96
Chicken Wings,Chicken Wings,kg,2026-09-15,4.23,4.23,2.44,7.61,"(2, 1, 1)","(1, 0, 1, 5)",-599.39,-571.18,1.07,1.26,25.91,22.96
Chocolate Powder,Chocolate Powder,g,2026-09-07,315.78,315.78,135.34,606.02,"(0, 1, 1)","(0, 0, 0, 5)",2068.8,2080.93,86.22,110.78,29.95,26.91
Chocolate Powder,Chocolate Powder,g,2026-09-08,315.78,315.78,135.14,606.55,"(0, 1, 1)","(0, 0, 0, 5)",2068.8,2080.93,86.22,110.78,29.95,26.91
Chocolate Powder,Chocolate Powder,g,2026-09-09,315.78,315.78,134.94,607.08,"(0, 1, 1)","(0, 0, 0, 5)",2068.8,2080.93,86.22,110.78,29.95,26.91
Chocolate Powder,Chocolate Powder,g,2026-09-10,315.78,315.78,134.74,607.61,"(0, 1, 1)","(0, 0, 0, 5)",2068.8,2080.93,86.22,110.78,29.95,26.91
Chocolate Powder,Chocolate Powder,g,2026-09-11,315.78,315.78,134.54,608.14,"(0, 1, 1)","(0, 0, 0, 5)",2068.8,2080.93,86.22,110.78,29.95,26.91
Chocolate Powder,Chocolate Powder,g,2026-09-14,315.78,315.78,134.34,608.66,"(0, 1, 1)","(0, 0, 0, 5)",2068.8,2080.93,86.22,110.78,29.95,26.91
Chocolate Powder,Chocolate Powder,g,2026-09-15,315.78,315.78,134.15,609.19,"(0, 1, 1)","(0, 0, 0, 5)",2068.8,2080.93,86.22,110.78,29.95,26.91
Coffee Beans,Coffee Beans,kg,2026-09-07,0.65,0.65,0.44,1.03,"(0, 1, 2)","(1, 1, 1, 5)",-1815.87,-1791.77,0.11,0.14,14.69,13.85
Coffee Beans,Coffee Beans,kg,2026-09-08,0.72,0.72,0.48,1.19,"(0, 1, 2)","(1, 1, 1, 5)",-1815.87,-1791.77,0.11,0.14,14.69,13.85
Coffee Beans,Coffee Beans,kg,2026-09-09,0.7,0.7,0.47,1.15,"(0, 1, 2)","(1, 1, 1, 5)",-1815.87,-1791.77,0.11,0.14,14.69,13.85
Coffee Beans,Coffee Beans,kg,2026-09-10,0.76,0.76,0.5,1.27,"(0, 1, 2)","(1, 1, 1, 5)",-1815.87,-1791.77,0.11,0.14,14.69,13.85
Coffee Beans,Coffee Beans,kg,2026-09-11,0.85,0.85,0.55,1.51,"(0, 1, 2)","(1, 1, 1, 5)",-1815.87,-1791.77,0.11,0.14,14.69,13.85
Coffee Beans,Coffee Beans,kg,2026-09-14,0.64,0.64,0.43,1.02,"(0, 1, 2)","(1, 1, 1, 5)",-1815.87,-1791.77,0.11,0.14,14.69,13.85
Coffee Beans,Coffee Beans,kg,2026-09-15,0.72,0.72,0.48,1.19,"(0, 1, 2)","(1, 1, 1, 5)",-1815.87,-1791.77,0.11,0.14,14.69,13.85
Cold Brew Concentrate,Cold Brew Concentrate,L,2026-09-07,0.96,0.96,0.33,2.05,"(1, 1, 2)","(0, 0, 0, 5)",-285.4,-265.2,0.38,0.47,40.93,35.35
Cold Brew Concentrate,Cold Brew Concentrate,L,2026-09-08,0.95,0.95,0.32,2.04,"(1, 1, 2)","(0, 0, 0, 5)",-285.4,-265.2,0.38,0.47,40.93,35.35
Cold Brew Concentrate,Cold Brew Concentrate,L,2026-09-09,0.95,0.95,0.32,2.03,"(1, 1, 2)","(0, 0, 0, 5)",-285.4,-265.2,0.38,0.47,40.93,35.35
Cold Brew Concentrate,Cold Brew Concentrate,L,2026-09-10,0.94,0.94,0.32,2.03,"(1, 1, 2)","(0, 0, 0, 5)",-285.4,-265.2,0.38,0.47,40.93,35.35
Cold Brew Concentrate,Cold Brew Concentrate,L,2026-09-11,0.94,0.94,0.32,2.02,"(1, 1, 2)","(0, 0, 0, 5)",-285.4,-265.2,0.38,0.47,40.93,35.35
Cold Brew Concentrate,Cold Brew Concentrate,L,2026-09-14,0.94,0.94,0.32,2.02,"(1, 1, 2)","(0, 0, 0, 5)",-285.4,-265.2,0.38,0.47,40.93,35.35
Cold Brew Concentrate,Cold Brew Concentrate,L,2026-09-15,0.94,0.94,0.31,2.02,"(1, 1, 2)","(0, 0, 0, 5)",-285.4,-265.2,0.38,0.47,40.93,35.35
Condensed Milk,Condensed Milk,ml,2026-09-07,171.08,171.08,59.8,355.64,"(2, 1, 0)","(1, 1, 1, 5)",2218.44,2242.55,57.89,67.32,60.52,49.87
Condensed Milk,Condensed Milk,ml,2026-09-08,201.12,201.12,73.5,409.28,"(2, 1, 0)","(1, 1, 1, 5)",2218.44,2242.55,57.89,67.32,60.52,49.87
Condensed Milk,Condensed Milk,ml,2026-09-09,173.18,173.18,50.61,390.61,"(2, 1, 0)","(1, 1, 1, 5)",2218.44,2242.55,57.89,67.32,60.52,49.87
Condensed Milk,Condensed Milk,ml,2026-09-10,183.76,183.76,46.42,440.31,"(2, 1, 0)","(1, 1, 1, 5)",2218.44,2242.55,57.89,67.32,60.52,49.87
Condensed Milk,Condensed Milk,ml,2026-09-11,213.17,213.17,54.65,507.99,"(2, 1, 0)","(1, 1, 1, 5)",2218.44,2242.55,57.89,67.32,60.52,49.87
Condensed Milk,Condensed Milk,ml,2026-09-14,168.74,168.74,30.45,456.21,"(2, 1, 0)","(1, 1, 1, 5)",2218.44,2242.55,57.89,67.32,60.52,49.87
Condensed Milk,Condensed Milk,ml,2026-09-15,194.65,194.65,35.42,525.17,"(2, 1, 0)","(1, 1, 1, 5)",2218.44,2242.55,57.89,67.32,60.52,49.87
Cream,Cream,L,2026-09-07,0.32,0.32,0.06,0.78,"(2, 1, 2)","(0, 0, 0, 5)",-807.44,-783.2,0.11,0.13,38.91,32.57
Cream,Cream,L,2026-09-08,0.34,0.34,0.07,0.84,"(2, 1, 2)","(0, 0, 0, 5)",-807.44,-783.2,0.11,0.13,38.91,32.57
Cream,Cream,L,2026-09-09,0.33,0.33,0.06,0.81,"(2, 1, 2)","(0, 0, 0, 5)",-807.44,-783.2,0.11,0.13,38.91,32.57
Cream,Cream,L,2026-09-10,0.33,0.33,0.07,0.82,"(2, 1, 2)","(0, 0, 0, 5)",-807.44,-783.2,0.11,0.13,38.91,32.57
Cream,Cream,L,2026-09-11,0.33,0.33,0.06,0.82,"(2, 1, 2)","(0, 0, 0, 5)",-807.44,-783.2,0.11,0.13,38.91,32.57
Cream,Cream,L,2026-09-14,0.33,0.33,0.07,0.82,"(2, 1, 2)","(0, 0, 0, 5)",-807.44,-783.2,0.11,0.13,38.91,32.57
Cream,Cream,L,2026-09-15,0.33,0.33,0.06,0.82,"(2, 1, 2)","(0, 0, 0, 5)",-807.44,-783.2,0.11,0.13,38.91,32.57
Crepe Batter,Crepe Batter,kg,2026-09-07,1.19,1.19,0.39,2.76,"(2, 1, 2)","(1, 1, 0, 5)",-162.47,-134.34,0.42,0.52,31.0,32.7
Crepe Batter,Crepe Batter,kg,2026-09-08,1.61,1.61,0.61,3.65,"(2, 1, 2)","(1, 1, 0, 5)",-162.47,-134.34,0.42,0.52,31.0,32.7
Crepe Batter,Crepe Batter,kg,2026-09-09,1.3,1.3,0.44,2.99,"(2, 1, 2)","(1, 1, 0, 5)",-162.47,-134.34,0.42,0.52,31.0,32.7
Crepe Batter,Crepe Batter,kg,2026-09-10,1.37,1.37,0.48,3.16,"(2, 1, 2)","(1, 1, 0, 5)",-162.47,-134.34,0.42,0.52,31.0,32.7
Crepe Batter,Crepe Batter,kg,2026-09-11,2.21,2.21,0.91,5.02,"(2, 1, 2)","(1, 1, 0, 5)",-162.47,-134.34,0.42,0.52,31.0,32.7
Crepe Batter,Crepe Batter,kg,2026-09-14,1.36,1.36,0.39,3.51,"(2, 1, 2)","(1, 1, 0, 5)",-162.47,-134.34,0.42,0.52,31.0,32.7
Crepe Batter,Crepe Batter,kg,2026-09-15,1.56,1.56,0.49,3.97,"(2, 1, 2)","(1, 1, 0, 5)",-162.47,-134.34,0.42,0.52,31.0,32.7
Egg,Egg,pcs,2026-09-07,35.29,35.29,22.88,59.58,"(0, 1, 1)","(1, 0, 0, 5)",-1316.73,-1300.59,6.26,7.14,16.17,16.75
Egg,Egg,pcs,2026-09-08,34.25,34.25,22.3,57.44,"(0, 1, 1)","(1, 0, 0, 5)",-1316.73,-1300.59,6.26,7.14,16.17,16.75
Egg,Egg,pcs,2026-09-09,33.56,33.56,21.91,56.04,"(0, 1, 1)","(1, 0, 0, 5)",-1316.73,-1300.59,6.26,7.14,16.17,16.75
Egg,Egg,pcs,2026-09-10,34.25,34.25,22.28,57.5,"(0, 1, 1)","(1, 0, 0, 5)",-1316.73,-1300.59,6.26,7.14,16.17,16.75
Egg,Egg,pcs,2026-09-11,36.24,36.24,23.36,61.68,"(0, 1, 1)","(1, 0, 0, 5)",-1316.73,-1300.59,6.26,7.14,16.17,16.75
Egg,Egg,pcs,2026-09-14,34.89,34.89,22.48,59.4,"(0, 1, 1)","(1, 0, 0, 5)",-1316.73,-1300.59,6.26,7.14,16.17,16.75
Egg,Egg,pcs,2026-09-15,34.75,34.75,22.4,59.13,"(0, 1, 1)","(1, 0, 0, 5)",-1316.73,-1300.59,6.26,7.14,16.17,16.75
Fresh Milk,Fresh Milk,L,2026-09-07,9.33,9.33,6.65,14.31,"(2, 1, 2)","(0, 1, 1, 5)",-1743.1,-1714.99,1.87,2.39,15.11,15.73
Fresh Milk,Fresh Milk,L,2026-09-08,10.34,10.34,7.16,16.68,"(2, 1, 2)","(0, 1, 1, 5)",-1743.1,-1714.99,1.87,2.39,15.11,15.73
Fresh Milk,Fresh Milk,L,2026-09-09,9.93,9.93,6.91,15.86,"(2, 1, 2)","(0, 1, 1, 5)",-1743.1,-1714.99,1.87,2.39,15.11,15.73
Fresh Milk,Fresh Milk,L,2026-09-10,10.63,10.63,7.29,17.43,"(2, 1, 2)","(0, 1, 1, 5)",-1743.1,-1714.99,1.87,2.39,15.11,15.73
Fresh Milk,Fresh Milk,L,2026-09-11,12.26,12.26,8.16,21.39,"(2, 1, 2)","(0, 1, 1, 5)",-1743.1,-1714.99,1.87,2.39,15.11,15.73
Fresh Milk,Fresh Milk,L,2026-09-14,9.13,9.13,6.44,14.23,"(2, 1, 2)","(0, 1, 1, 5)",-1743.1,-1714.99,1.87,2.39,15.11,15.73
Fresh Milk,Fresh Milk,L,2026-09-15,10.28,10.28,7.09,16.72,"(2, 1, 2)","(0, 1, 1, 5)",-1743.1,-1714.99,1.87,2.39,15.11,15.73
Garlic Parmesan Sauce,Garlic Parmesan Sauce,ml,2026-09-07,286.27,286.27,100.25,587.86,"(2, 1, 2)","(1, 0, 0, 5)",2515.65,2543.86,80.08,97.18,56.83,28.57
Garlic Parmesan Sauce,Garlic Parmesan Sauce,ml,2026-09-08,295.33,295.33,105.07,602.04,"(2, 1, 2)","(1, 0, 0, 5)",2515.65,2543.86,80.08,97.18,56.83,28.57
Garlic Parmesan Sauce,Garlic Parmesan Sauce,ml,2026-09-09,288.25,288.25,100.94,591.97,"(2, 1, 2)","(1, 0, 0, 5)",2515.65,2543.86,80.08,97.18,56.83,28.57
Garlic Parmesan Sauce,Garlic Parmesan Sauce,ml,2026-09-10,288.32,288.32,100.97,592.09,"(2, 1, 2)","(1, 0, 0, 5)",2515.65,2543.86,80.08,97.18,56.83,28.57
Garlic Parmesan Sauce,Garlic Parmesan Sauce,ml,2026-09-11,289.95,289.95,101.86,594.58,"(2, 1, 2)","(1, 0, 0, 5)",2515.65,2543.86,80.08,97.18,56.83,28.57
Garlic Parmesan Sauce,Garlic Parmesan Sauce,ml,2026-09-14,289.23,289.23,101.44,593.54,"(2, 1, 2)","(1, 0, 0, 5)",2515.65,2543.86,80.08,97.18,56.83,28.57
Garlic Parmesan Sauce,Garlic Parmesan Sauce,ml,2026-09-15,289.27,289.27,101.45,593.63,"(2, 1, 2)","(1, 0, 0, 5)",2515.65,2543.86,80.08,97.18,56.83,28.57
Ground Beef,Ground Beef,kg,2026-09-07,1.2,1.2,0.63,2.29,"(2, 1, 2)","(1, 1, 1, 5)",-779.19,-747.06,0.43,0.49,33.77,30.1
Ground Beef,Ground Beef,kg,2026-09-08,1.29,1.29,0.68,2.48,"(2, 1, 2)","(1, 1, 1, 5)",-779.19,-747.06,0.43,0.49,33.77,30.1
Ground Beef,Ground Beef,kg,2026-09-09,1.25,1.25,0.65,2.39,"(2, 1, 2)","(1, 1, 1, 5)",-779.19,-747.06,0.43,0.49,33.77,30.1
Ground Beef,Ground Beef,kg,2026-09-10,1.4,1.4,0.74,2.74,"(2, 1, 2)","(1, 1, 1, 5)",-779.19,-747.06,0.43,0.49,33.77,30.1
Ground Beef,Ground Beef,kg,2026-09-11,1.54,1.54,0.82,3.06,"(2, 1, 2)","(1, 1, 1, 5)",-779.19,-747.06,0.43,0.49,33.77,30.1
Ground Beef,Ground Beef,kg,2026-09-14,1.15,1.15,0.6,2.2,"(2, 1, 2)","(1, 1, 1, 5)",-779.19,-747.06,0.43,0.49,33.77,30.1
Ground Beef,Ground Beef,kg,2026-09-15,1.27,1.27,0.67,2.45,"(2, 1, 2)","(1, 1, 1, 5)",-779.19,-747.06,0.43,0.49,33.77,30.1
Hazelnut Syrup,Hazelnut Syrup,ml,2026-09-07,173.51,173.51,48.08,400.6,"(0, 1, 2)","(0, 0, 0, 5)",2392.53,2408.69,56.16,66.01,42.95,32.76
Hazelnut Syrup,Hazelnut Syrup,ml,2026-09-08,177.88,177.88,50.02,408.17,"(0, 1, 2)","(0, 0, 0, 5)",2392.53,2408.69,56.16,66.01,42.95,32.76
Hazelnut Syrup,Hazelnut Syrup,ml,2026-09-09,177.88,177.88,50.01,408.21,"(0, 1, 2)","(0, 0, 0, 5)",2392.53,2408.69,56.16,66.01,42.95,32.76
Hazelnut Syrup,Hazelnut Syrup,ml,2026-09-10,177.88,177.88,50.0,408.25,"(0, 1, 2)","(0, 0, 0, 5)",2392.53,2408.69,56.16,66.01,42.95,32.76
Hazelnut Syrup,Hazelnut Syrup,ml,2026-09-11,177.88,177.88,49.99,408.29,"(0, 1, 2)","(0, 0, 0, 5)",2392.53,2408.69,56.16,66.01,42.95,32.76
Hazelnut Syrup,Hazelnut Syrup,ml,2026-09-14,177.88,177.88,49.98,408.33,"(0, 1, 2)","(0, 0, 0, 5)",2392.53,2408.69,56.16,66.01,42.95,32.76
Hazelnut Syrup,Hazelnut Syrup,ml,2026-09-15,177.88,177.88,49.97,408.37,"(0, 1, 2)","(0, 0, 0, 5)",2392.53,2408.69,56.16,66.01,42.95,32.76
KBBQ Sauce,KBBQ Sauce,ml,2026-09-07,228.8,228.8,52.54,523.56,"(0, 1, 1)","(1, 1, 1, 5)",2947.29,2967.39,110.62,127.08,82.3,45.65
KBBQ Sauce,KBBQ Sauce,ml,2026-09-08,225.39,225.39,50.73,518.89,"(0, 1, 1)","(1, 1, 1, 5)",2947.29,2967.39,110.62,127.08,82.3,45.65
KBBQ Sauce,KBBQ Sauce,ml,2026-09-09,211.51,211.51,43.96,498.39,"(0, 1, 1)","(1, 1, 1, 5)",2947.29,2967.39,110.62,127.08,82.3,45.65
KBBQ Sauce,KBBQ Sauce,ml,2026-09-10,260.52,260.52,68.16,571.9,"(0, 1, 1)","(1, 1, 1, 5)",2947.29,2967.39,110.62,127.08,82.3,45.65
KBBQ Sauce,KBBQ Sauce,ml,2026-09-11,299.38,299.38,88.94,628.74,"(0, 1, 1)","(1, 1, 1, 5)",2947.29,2967.39,110.62,127.08,82.3,45.65
KBBQ Sauce,KBBQ Sauce,ml,2026-09-14,230.06,230.06,52.49,527.48,"(0, 1, 1)","(1, 1, 1, 5)",2947.29,2967.39,110.62,127.08,82.3,45.65
KBBQ Sauce,KBBQ Sauce,ml,2026-09-15,222.8,222.8,48.83,517.01,"(0, 1, 1)","(1, 1, 1, 5)",2947.29,2967.39,110.62,127.08,82.3,45.65
Lasagna Sheets,Lasagna Sheets,kg,2026-09-07,0.3,0.3,0.0,0.92,"(2, 1, 0)","(0, 0, 1, 5)",-414.56,-394.39,0.16,0.19,45.15,35.04
Lasagna Sheets,Lasagna Sheets,kg,2026-09-08,0.27,0.27,0.0,0.92,"(2, 1, 0)","(0, 0, 1, 5)",-414.56,-394.39,0.16,0.19,45.15,35.04
Lasagna Sheets,Lasagna Sheets,kg,2026-09-09,0.34,0.34,0.0,1.15,"(2, 1, 0)","(0, 0, 1, 5)",-414.56,-394.39,0.16,0.19,45.15,35.04
Lasagna Sheets,Lasagna Sheets,kg,2026-09-10,0.3,0.3,0.0,1.22,"(2, 1, 0)","(0, 0, 1, 5)",-414.56,-394.39,0.16,0.19,45.15,35.04
Lasagna Sheets,Lasagna Sheets,kg,2026-09-11,0.31,0.31,0.0,1.33,"(2, 1, 0)","(0, 0, 1, 5)",-414.56,-394.39,0.16,0.19,45.15,35.04
Lasagna Sheets,Lasagna Sheets,kg,2026-09-14,0.32,0.32,0.0,1.48,"(2, 1, 0)","(0, 0, 1, 5)",-414.56,-394.39,0.16,0.19,45.15,35.04
Lasagna Sheets,Lasagna Sheets,kg,2026-09-15,0.31,0.31,0.0,1.59,"(2, 1, 0)","(0, 0, 1, 5)",-414.56,-394.39,0.16,0.19,45.15,35.04
Lemon Syrup,Lemon Syrup,ml,2026-09-07,427.71,427.71,182.81,809.46,"(1, 1, 2)","(1, 0, 1, 5)",2301.34,2329.54,133.62,167.21,40.55,31.5
Lemon Syrup,Lemon Syrup,ml,2026-09-08,414.23,414.23,174.8,789.52,"(1, 1, 2)","(1, 0, 1, 5)",2301.34,2329.54,133.62,167.21,40.55,31.5
Lemon Syrup,Lemon Syrup,ml,2026-09-09,407.63,407.63,170.77,780.08,"(1, 1, 2)","(1, 0, 1, 5)",2301.34,2329.54,133.62,167.21,40.55,31.5
Lemon Syrup,Lemon Syrup,ml,2026-09-10,408.48,408.48,171.27,781.35,"(1, 1, 2)","(1, 0, 1, 5)",2301.34,2329.54,133.62,167.21,40.55,31.5
Lemon Syrup,Lemon Syrup,ml,2026-09-11,430.1,430.1,183.95,813.67,"(1, 1, 2)","(1, 0, 1, 5)",2301.34,2329.54,133.62,167.21,40.55,31.5
Lemon Syrup,Lemon Syrup,ml,2026-09-14,405.23,405.23,168.59,778.48,"(1, 1, 2)","(1, 0, 1, 5)",2301.34,2329.54,133.62,167.21,40.55,31.5
Lemon Syrup,Lemon Syrup,ml,2026-09-15,410.51,410.51,171.6,786.54,"(1, 1, 2)","(1, 0, 1, 5)",2301.34,2329.54,133.62,167.21,40.55,31.5
Longganisa,Longganisa,kg,2026-09-07,1.11,1.11,0.3,2.58,"(2, 1, 2)","(1, 1, 0, 5)",-12.64,15.49,0.3,0.35,31.7,31.69
Longganisa,Longganisa,kg,2026-09-08,0.79,0.79,0.11,2.0,"(2, 1, 2)","(1, 1, 0, 5)",-12.64,15.49,0.3,0.35,31.7,31.69
Longganisa,Longganisa,kg,2026-09-09,1.02,1.02,0.24,2.41,"(2, 1, 2)","(1, 1, 0, 5)",-12.64,15.49,0.3,0.35,31.7,31.69
Longganisa,Longganisa,kg,2026-09-10,1.09,1.09,0.28,2.54,"(2, 1, 2)","(1, 1, 0, 5)",-12.64,15.49,0.3,0.35,31.7,31.69
Longganisa,Longganisa,kg,2026-09-11,1.15,1.15,0.32,2.65,"(2, 1, 2)","(1, 1, 0, 5)",-12.64,15.49,0.3,0.35,31.7,31.69
Longganisa,Longganisa,kg,2026-09-14,1.2,1.2,0.26,3.03,"(2, 1, 2)","(1, 1, 0, 5)",-12.64,15.49,0.3,0.35,31.7,31.69
Longganisa,Longganisa,kg,2026-09-15,0.72,0.72,0.01,2.08,"(2, 1, 2)","(1, 1, 0, 5)",-12.64,15.49,0.3,0.35,31.7,31.69
Mango,Mango,kg,2026-09-07,0.6,0.6,0.12,1.52,"(0, 1, 1)","(0, 0, 0, 5)",-340.56,-328.43,0.24,0.3,49.16,35.62
Mango,Mango,kg,2026-09-08,0.6,0.6,0.12,1.52,"(0, 1, 1)","(0, 0, 0, 5)",-340.56,-328.43,0.24,0.3,49.16,35.62
Mango,Mango,kg,2026-09-09,0.6,0.6,0.11,1.52,"(0, 1, 1)","(0, 0, 0, 5)",-340.56,-328.43,0.24,0.3,49.16,35.62
Mango,Mango,kg,2026-09-10,0.6,0.6,0.11,1.52,"(0, 1, 1)","(0, 0, 0, 5)",-340.56,-328.43,0.24,0.3,49.16,35.62
Mango,Mango,kg,2026-09-11,0.6,0.6,0.11,1.52,"(0, 1, 1)","(0, 0, 0, 5)",-340.56,-328.43,0.24,0.3,49.16,35.62
Mango,Mango,kg,2026-09-14,0.6,0.6,0.11,1.52,"(0, 1, 1)","(0, 0, 0, 5)",-340.56,-328.43,0.24,0.3,49.16,35.62
Mango,Mango,kg,2026-09-15,0.6,0.6,0.11,1.52,"(0, 1, 1)","(0, 0, 0, 5)",-340.56,-328.43,0.24,0.3,49.16,35.62
Mango Syrup,Mango Syrup,ml,2026-09-07,201.31,201.31,21.09,549.75,"(0, 1, 2)","(1, 1, 0, 5)",3140.16,3160.28,106.01,122.44,54.43,61.74
Mango Syrup,Mango Syrup,ml,2026-09-08,83.02,83.02,,342.84,"(0, 1, 2)","(1, 1, 0, 5)",3140.16,3160.28,106.01,122.44,54.43,61.74
Mango Syrup,Mango Syrup,ml,2026-09-09,271.9,271.9,49.09,661.07,"(0, 1, 2)","(1, 1, 0, 5)",3140.16,3160.28,106.01,122.44,54.43,61.74
Mango Syrup,Mango Syrup,ml,2026-09-10,285.78,285.78,55.35,682.21,"(0, 1, 2)","(1, 1, 0, 5)",3140.16,3160.28,106.01,122.44,54.43,61.74
Mango Syrup,Mango Syrup,ml,2026-09-11,363.02,363.02,93.44,796.88,"(0, 1, 2)","(1, 1, 0, 5)",3140.16,3160.28,106.01,122.44,54.43,61.74
Mango Syrup,Mango Syrup,ml,2026-09-14,203.12,203.12,10.9,611.75,"(0, 1, 2)","(1, 1, 0, 5)",3140.16,3160.28,106.01,122.44,54.43,61.74
Mango Syrup,Mango Syrup,ml,2026-09-15,154.25,154.25,1.2,526.75,"(0, 1, 2)","(1, 1, 0, 5)",3140.16,3160.28,106.01,122.44,54.43,61.74
Marshmallows,Marshmallows,g,2026-09-07,109.75,109.75,22.58,252.5,"(2, 1, 0)","(1, 1, 1, 5)",2784.69,2808.8,42.53,50.79,44.3,55.5
Marshmallows,Marshmallows,g,2026-09-08,134.98,134.98,31.22,300.89,"(2, 1, 0)","(1, 1, 1, 5)",2784.69,2808.8,42.53,50.79,44.3,55.5
Marshmallows,Marshmallows,g,2026-09-09,123.12,123.12,20.56,298.33,"(2, 1, 0)","(1, 1, 1, 5)",2784.69,2808.8,42.53,50.79,44.3,55.5
Marshmallows,Marshmallows,g,2026-09-10,133.57,133.57,17.06,342.46,"(2, 1, 0)","(1, 1, 1, 5)",2784.69,2808.8,42.53,50.79,44.3,55.5
Marshmallows,Marshmallows,g,2026-09-11,151.3,151.3,19.78,386.4,"(2, 1, 0)","(1, 1, 1, 5)",2784.69,2808.8,42.53,50.79,44.3,55.5
Marshmallows,Marshmallows,g,2026-09-14,116.97,116.97,4.58,350.1,"(2, 1, 0)","(1, 1, 1, 5)",2784.69,2808.8,42.53,50.79,44.3,55.5
Marshmallows,Marshmallows,g,2026-09-15,130.5,130.5,5.12,391.12,"(2, 1, 0)","(1, 1, 1, 5)",2784.69,2808.8,42.53,50.79,44.3,55.5
Matcha Powder,Matcha Powder,g,2026-09-07,131.37,131.37,46.06,272.33,"(2, 1, 0)","(1, 1, 1, 5)",2132.63,2156.74,43.52,50.33,58.85,50.23
Matcha Powder,Matcha Powder,g,2026-09-08,155.3,155.3,56.97,315.07,"(2, 1, 0)","(1, 1, 1, 5)",2132.63,2156.74,43.52,50.33,58.85,50.23
Matcha Powder,Matcha Powder,g,2026-09-09,133.51,133.51,39.24,299.88,"(2, 1, 0)","(1, 1, 1, 5)",2132.63,2156.74,43.52,50.33,58.85,50.23
Matcha Powder,Matcha Powder,g,2026-09-10,141.92,141.92,36.03,338.67,"(2, 1, 0)","(1, 1, 1, 5)",2132.63,2156.74,43.52,50.33,58.85,50.23
Matcha Powder,Matcha Powder,g,2026-09-11,165.48,165.48,42.8,392.24,"(2, 1, 0)","(1, 1, 1, 5)",2132.63,2156.74,43.52,50.33,58.85,50.23
Matcha Powder,Matcha Powder,g,2026-09-14,130.82,130.82,23.8,351.72,"(2, 1, 0)","(1, 1, 1, 5)",2132.63,2156.74,43.52,50.33,58.85,50.23
Matcha Powder,Matcha Powder,g,2026-09-15,150.03,150.03,27.36,403.41,"(2, 1, 0)","(1, 1, 1, 5)",2132.63,2156.74,43.52,50.33,58.85,50.23
Mozzarella Cheese,Mozzarella Cheese,g,2026-09-07,1642.8,1642.8,781.05,3219.49,"(2, 1, 2)","(0, 0, 0, 5)",1220.97,1245.22,369.77,469.49,31.4,26.27
Mozzarella Cheese,Mozzarella Cheese,g,2026-09-08,1331.03,1331.03,612.71,2677.92,"(2, 1, 2)","(0, 0, 0, 5)",1220.97,1245.22,369.77,469.49,31.4,26.27
Mozzarella Cheese,Mozzarella Cheese,g,2026-09-09,1330.39,1330.39,611.25,2680.77,"(2, 1, 2)","(0, 0, 0, 5)",1220.97,1245.22,369.77,469.49,31.4,26.27
Mozzarella Cheese,Mozzarella Cheese,g,2026-09-10,1371.89,1371.89,632.49,2756.7,"(2, 1, 2)","(0, 0, 0, 5)",1220.97,1245.22,369.77,469.49,31.4,26.27
Mozzarella Cheese,Mozzarella Cheese,g,2026-09-11,1386.47,1386.47,639.75,2784.09,"(2, 1, 2)","(0, 0, 0, 5)",1220.97,1245.22,369.77,469.49,31.4,26.27
Mozzarella Cheese,Mozzarella Cheese,g,2026-09-14,1385.34,1385.34,638.76,2783.49,"(2, 1, 2)","(0, 0, 0, 5)",1220.97,1245.22,369.77,469.49,31.4,26.27
Mozzarella Cheese,Mozzarella Cheese,g,2026-09-15,1382.83,1382.83,637.13,2780.12,"(2, 1, 2)","(0, 0, 0, 5)",1220.97,1245.22,369.77,469.49,31.4,26.27
Nacho Chips,Nacho Chips,kg,2026-09-07,0.72,0.72,0.12,1.81,"(2, 1, 0)","(1, 1, 1, 5)",-147.55,-123.43,0.36,0.43,56.0,69.28
Nacho Chips,Nacho Chips,kg,2026-09-08,0.62,0.62,0.04,1.69,"(2, 1, 0)","(1, 1, 1, 5)",-147.55,-123.43,0.36,0.43,56.0,69.28
Nacho Chips,Nacho Chips,kg,2026-09-09,0.76,0.76,0.08,2.11,"(2, 1, 0)","(1, 1, 1, 5)",-147.55,-123.43,0.36,0.43,56.0,69.28
Nacho Chips,Nacho Chips,kg,2026-09-10,0.79,0.79,0.04,2.43,"(2, 1, 0)","(1, 1, 1, 5)",-147.55,-123.43,0.36,0.43,56.0,69.28
Nacho Chips,Nacho Chips,kg,2026-09-11,0.82,0.82,0.03,2.67,"(2, 1, 0)","(1, 1, 1, 5)",-147.55,-123.43,0.36,0.43,56.0,69.28
Nacho Chips,Nacho Chips,kg,2026-09-14,0.7,0.7,0.0,2.6,"(2, 1, 0)","(1, 1, 1, 5)",-147.55,-123.43,0.36,0.43,56.0,69.28
Nacho Chips,Nacho Chips,kg,2026-09-15,0.71,0.71,0.0,2.84,"(2, 1, 0)","(1, 1, 1, 5)",-147.55,-123.43,0.36,0.43,56.0,69.28
Oreo Crumbs,Oreo Crumbs,g,2026-09-07,263.1,263.1,93.55,592.96,"(1, 1, 2)","(0, 1, 1, 5)",1744.37,1768.46,106.38,132.44,39.07,32.76
Oreo Crumbs,Oreo Crumbs,g,2026-09-08,264.15,264.15,94.02,594.99,"(1, 1, 2)","(0, 1, 1, 5)",1744.37,1768.46,106.38,132.44,39.07,32.76
Oreo Crumbs,Oreo Crumbs,g,2026-09-09,276.75,276.75,99.94,617.88,"(1, 1, 2)","(0, 1, 1, 5)",1744.37,1768.46,106.38,132.44,39.07,32.76
Oreo Crumbs,Oreo Crumbs,g,2026-09-10,273.52,273.52,98.4,612.09,"(1, 1, 2)","(0, 1, 1, 5)",1744.37,1768.46,106.38,132.44,39.07,32.76
Oreo Crumbs,Oreo Crumbs,g,2026-09-11,382.75,382.75,151.81,805.67,"(1, 1, 2)","(0, 1, 1, 5)",1744.37,1768.46,106.38,132.44,39.07,32.76
Oreo Crumbs,Oreo Crumbs,g,2026-09-14,255.41,255.41,89.81,579.54,"(1, 1, 2)","(0, 1, 1, 5)",1744.37,1768.46,106.38,132.44,39.07,32.76
Oreo Crumbs,Oreo Crumbs,g,2026-09-15,260.57,260.57,92.17,589.17,"(1, 1, 2)","(0, 1, 1, 5)",1744.37,1768.46,106.38,132.44,39.07,32.76
Parmesan Cheese,Parmesan Cheese,g,2026-09-07,180.01,180.01,97.76,319.51,"(0, 1, 1)","(1, 1, 1, 5)",626.05,646.14,63.86,70.53,29.83,27.51
Parmesan Cheese,Parmesan Cheese,g,2026-09-08,203.91,203.91,111.58,359.58,"(0, 1, 1)","(1, 1, 1, 5)",626.05,646.14,63.86,70.53,29.83,27.51
Parmesan Cheese,Parmesan Cheese,g,2026-09-09,230.74,230.74,127.19,404.34,"(0, 1, 1)","(1, 1, 1, 5)",626.05,646.14,63.86,70.53,29.83,27.51
Parmesan Cheese,Parmesan Cheese,g,2026-09-10,240.92,240.92,133.08,421.42,"(0, 1, 1)","(1, 1, 1, 5)",626.05,646.14,63.86,70.53,29.83,27.51
Parmesan Cheese,Parmesan Cheese,g,2026-09-11,236.46,236.46,130.37,414.32,"(0, 1, 1)","(1, 1, 1, 5)",626.05,646.14,63.86,70.53,29.83,27.51
Parmesan Cheese,Parmesan Cheese,g,2026-09-14,187.2,187.2,101.53,332.68,"(0, 1, 1)","(1, 1, 1, 5)",626.05,646.14,63.86,70.53,29.83,27.51
Parmesan Cheese,Parmesan Cheese,g,2026-09-15,208.63,208.63,113.91,368.65,"(0, 1, 1)","(1, 1, 1, 5)",626.05,646.14,63.86,70.53,29.83,27.51
Passion Fruit Syrup,Passion Fruit Syrup,ml,2026-09-07,197.76,197.76,37.63,466.79,"(2, 1, 2)","(1, 1, 1, 5)",3066.93,3099.06,85.16,103.64,34.35,33.13
Passion Fruit Syrup,Passion Fruit Syrup,ml,2026-09-08,206.65,206.65,41.87,479.94,"(2, 1, 2)","(1, 1, 1, 5)",3066.93,3099.06,85.16,103.64,34.35,33.13
Passion Fruit Syrup,Passion Fruit Syrup,ml,2026-09-09,206.49,206.49,41.62,480.22,"(2, 1, 2)","(1, 1, 1, 5)",3066.93,3099.06,85.16,103.64,34.35,33.13
Passion Fruit Syrup,Passion Fruit Syrup,ml,2026-09-10,243.77,243.77,60.49,534.42,"(2, 1, 2)","(1, 1, 1, 5)",3066.93,3099.06,85.16,103.64,34.35,33.13
Passion Fruit Syrup,Passion Fruit Syrup,ml,2026-09-11,274.81,274.81,77.42,578.54,"(2, 1, 2)","(1, 1, 1, 5)",3066.93,3099.06,85.16,103.64,34.35,33.13
Passion Fruit Syrup,Passion Fruit Syrup,ml,2026-09-14,195.74,195.74,36.33,464.91,"(2, 1, 2)","(1, 1, 1, 5)",3066.93,3099.06,85.16,103.64,34.35,33.13
Passion Fruit Syrup,Passion Fruit Syrup,ml,2026-09-15,200.48,200.48,38.55,471.94,"(2, 1, 2)","(1, 1, 1, 5)",3066.93,3099.06,85.16,103.64,34.35,33.13
Pepperoni,Pepperoni,g,2026-09-07,241.92,241.92,22.44,653.43,"(0, 1, 1)","(1, 1, 1, 5)",3350.89,3370.98,132.81,146.2,51.57,47.89
Pepperoni,Pepperoni,g,2026-09-08,284.56,284.56,38.59,719.45,"(0, 1, 1)","(1, 1, 1, 5)",3350.89,3370.98,132.81,146.2,51.57,47.89
Pepperoni,Pepperoni,g,2026-09-09,243.3,243.3,22.77,656.27,"(0, 1, 1)","(1, 1, 1, 5)",3350.89,3370.98,132.81,146.2,51.57,47.89
Pepperoni,Pepperoni,g,2026-09-10,289.33,289.33,40.37,727.39,"(0, 1, 1)","(1, 1, 1, 5)",3350.89,3370.98,132.81,146.2,51.57,47.89
Pepperoni,Pepperoni,g,2026-09-11,342.6,342.6,63.96,807.22,"(0, 1, 1)","(1, 1, 1, 5)",3350.89,3370.98,132.81,146.2,51.57,47.89
Pepperoni,Pepperoni,g,2026-09-14,241.97,241.97,22.03,655.46,"(0, 1, 1)","(1, 1, 1, 5)",3350.89,3370.98,132.81,146.2,51.57,47.89
Pepperoni,Pepperoni,g,2026-09-15,284.63,284.63,38.08,721.6,"(0, 1, 1)","(1, 1, 1, 5)",3350.89,3370.98,132.81,146.2,51.57,47.89
Pesto Sauce,Pesto Sauce,L,2026-09-07,0.24,0.24,0.04,0.59,"(2, 1, 2)","(0, 0, 0, 5)",-1025.56,-1001.32,0.08,0.1,38.98,33.43
Pesto Sauce,Pesto Sauce,L,2026-09-08,0.26,0.26,0.06,0.63,"(2, 1, 2)","(0, 0, 0, 5)",-1025.56,-1001.32,0.08,0.1,38.98,33.43
Pesto Sauce,Pesto Sauce,L,2026-09-09,0.25,0.25,0.05,0.61,"(2, 1, 2)","(0, 0, 0, 5)",-1025.56,-1001.32,0.08,0.1,38.98,33.43
Pesto Sauce,Pesto Sauce,L,2026-09-10,0.25,0.25,0.05,0.62,"(2, 1, 2)","(0, 0, 0, 5)",-1025.56,-1001.32,0.08,0.1,38.98,33.43
Pesto Sauce,Pesto Sauce,L,2026-09-11,0.25,0.25,0.05,0.61,"(2, 1, 2)","(0, 0, 0, 5)",-1025.56,-1001.32,0.08,0.1,38.98,33.43
Pesto Sauce,Pesto Sauce,L,2026-09-14,0.25,0.25,0.05,0.61,"(2, 1, 2)","(0, 0, 0, 5)",-1025.56,-1001.32,0.08,0.1,38.98,33.43
Pesto Sauce,Pesto Sauce,L,2026-09-15,0.25,0.25,0.05,0.61,"(2, 1, 2)","(0, 0, 0, 5)",-1025.56,-1001.32,0.08,0.1,38.98,33.43
Pizza Dough,Pizza Dough,pcs,2026-09-07,10.28,10.28,1.8,33.77,"(0, 1, 0)","(0, 1, 0, 5)",1157.58,1165.64,3.54,4.94,36.01,42.42
Pizza Dough,Pizza Dough,pcs,2026-09-08,11.55,11.55,0.63,55.82,"(0, 1, 0)","(0, 1, 0, 5)",1157.58,1165.64,3.54,4.94,36.01,42.42
Pizza Dough,Pizza Dough,pcs,2026-09-09,7.07,7.07,0.0,54.17,"(0, 1, 0)","(0, 1, 0, 5)",1157.58,1165.64,3.54,4.94,36.01,42.42
Pizza Dough,Pizza Dough,pcs,2026-09-10,4.81,4.81,0.0,55.5,"(0, 1, 0)","(0, 1, 0, 5)",1157.58,1165.64,3.54,4.94,36.01,42.42
Pizza Dough,Pizza Dough,pcs,2026-09-11,18.22,18.22,0.0,156.55,"(0, 1, 0)","(0, 1, 0, 5)",1157.58,1165.64,3.54,4.94,36.01,42.42
Pizza Dough,Pizza Dough,pcs,2026-09-14,11.87,11.87,0.0,216.86,"(0, 1, 0)","(0, 1, 0, 5)",1157.58,1165.64,3.54,4.94,36.01,42.42
Pizza Dough,Pizza Dough,pcs,2026-09-15,13.28,13.28,0.0,356.63,"(0, 1, 0)","(0, 1, 0, 5)",1157.58,1165.64,3.54,4.94,36.01,42.42
Pork Tocino,Pork Tocino,kg,2026-09-07,1.09,1.09,0.12,3.26,"(0, 1, 0)","(1, 1, 0, 5)",167.52,179.59,0.29,0.33,42.92,39.38
Pork Tocino,Pork Tocino,kg,2026-09-08,0.9,0.9,0.0,4.27,"(0, 1, 0)","(1, 1, 0, 5)",167.52,179.59,0.29,0.33,42.92,39.38
Pork Tocino,Pork Tocino,kg,2026-09-09,0.77,0.77,0.0,5.23,"(0, 1, 0)","(1, 1, 0, 5)",167.52,179.59,0.29,0.33,42.92,39.38
Pork Tocino,Pork Tocino,kg,2026-09-10,0.62,0.62,0.0,5.96,"(0, 1, 0)","(1, 1, 0, 5)",167.52,179.59,0.29,0.33,42.92,39.38
Pork Tocino,Pork Tocino,kg,2026-09-11,1.24,1.24,0.0,12.52,"(0, 1, 0)","(1, 1, 0, 5)",167.52,179.59,0.29,0.33,42.92,39.38
Pork Tocino,Pork Tocino,kg,2026-09-14,1.11,1.11,0.0,18.91,"(0, 1, 0)","(1, 1, 0, 5)",167.52,179.59,0.29,0.33,42.92,39.38
Pork Tocino,Pork Tocino,kg,2026-09-15,0.85,0.85,0.0,23.81,"(0, 1, 0)","(1, 1, 0, 5)",167.52,179.59,0.29,0.33,42.92,39.38
Potatoes,Potatoes,kg,2026-09-07,1.16,1.16,0.47,2.37,"(1, 1, 2)","(1, 1, 1, 5)",-290.8,-262.68,0.27,0.35,20.75,19.63
Potatoes,Potatoes,kg,2026-09-08,1.24,1.24,0.52,2.52,"(1, 1, 2)","(1, 1, 1, 5)",-290.8,-262.68,0.27,0.35,20.75,19.63
Potatoes,Potatoes,kg,2026-09-09,1.24,1.24,0.52,2.53,"(1, 1, 2)","(1, 1, 1, 5)",-290.8,-262.68,0.27,0.35,20.75,19.63
Potatoes,Potatoes,kg,2026-09-10,1.38,1.38,0.6,2.78,"(1, 1, 2)","(1, 1, 1, 5)",-290.8,-262.68,0.27,0.35,20.75,19.63
Potatoes,Potatoes,kg,2026-09-11,1.57,1.57,0.71,3.14,"(1, 1, 2)","(1, 1, 1, 5)",-290.8,-262.68,0.27,0.35,20.75,19.63
Potatoes,Potatoes,kg,2026-09-14,1.13,1.13,0.44,2.32,"(1, 1, 2)","(1, 1, 1, 5)",-290.8,-262.68,0.27,0.35,20.75,19.63
Potatoes,Potatoes,kg,2026-09-15,1.25,1.25,0.52,2.55,"(1, 1, 2)","(1, 1, 1, 5)",-290.8,-262.68,0.27,0.35,20.75,19.63
Rice,Rice,kg,2026-09-07,6.34,6.34,4.29,10.34,"(0, 1, 1)","(0, 0, 1, 5)",-1449.12,-1433.0,1.21,1.44,18.72,17.75
Rice,Rice,kg,2026-09-08,6.03,6.03,4.12,9.69,"(0, 1, 1)","(0, 0, 1, 5)",-1449.12,-1433.0,1.21,1.44,18.72,17.75
Rice,Rice,kg,2026-09-09,6.08,6.08,4.14,9.81,"(0, 1, 1)","(0, 0, 1, 5)",-1449.12,-1433.0,1.21,1.44,18.72,17.75
Rice,Rice,kg,2026-09-10,6.24,6.24,4.23,10.16,"(0, 1, 1)","(0, 0, 1, 5)",-1449.12,-1433.0,1.21,1.44,18.72,17.75
Rice,Rice,kg,2026-09-11,6.43,6.43,4.33,10.56,"(0, 1, 1)","(0, 0, 1, 5)",-1449.12,-1433.0,1.21,1.44,18.72,17.75
Rice,Rice,kg,2026-09-14,6.26,6.26,4.23,10.28,"(0, 1, 1)","(0, 0, 1, 5)",-1449.12,-1433.0,1.21,1.44,18.72,17.75
Rice,Rice,kg,2026-09-15,6.26,6.26,4.22,10.29,"(0, 1, 1)","(0, 0, 1, 5)",-1449.12,-1433.0,1.21,1.44,18.72,17.75
Salted Egg Sauce,Salted Egg Sauce,ml,2026-09-07,175.77,175.77,23.57,486.56,"(0, 1, 2)","(1, 1, 0, 5)",2813.62,2833.73,140.51,174.52,50.97,44.07
Salted Egg Sauce,Salted Egg Sauce,ml,2026-09-08,226.13,226.13,42.29,573.18,"(0, 1, 2)","(1, 1, 0, 5)",2813.62,2833.73,140.51,174.52,50.97,44.07
Salted Egg Sauce,Salted Egg Sauce,ml,2026-09-09,212.49,212.49,36.8,550.59,"(0, 1, 2)","(1, 1, 0, 5)",2813.62,2833.73,140.51,174.52,50.97,44.07
Salted Egg Sauce,Salted Egg Sauce,ml,2026-09-10,463.44,463.44,161.51,937.95,"(0, 1, 2)","(1, 1, 0, 5)",2813.62,2833.73,140.51,174.52,50.97,44.07
Salted Egg Sauce,Salted Egg Sauce,ml,2026-09-11,339.97,339.97,94.92,753.51,"(0, 1, 2)","(1, 1, 0, 5)",2813.62,2833.73,140.51,174.52,50.97,44.07
Salted Egg Sauce,Salted Egg Sauce,ml,2026-09-14,247.52,247.52,39.54,656.17,"(0, 1, 2)","(1, 1, 0, 5)",2813.62,2833.73,140.51,174.52,50.97,44.07
Salted Egg Sauce,Salted Egg Sauce,ml,2026-09-15,177.92,177.92,16.21,535.41,"(0, 1, 2)","(1, 1, 0, 5)",2813.62,2833.73,140.51,174.52,50.97,44.07
Shrimp,Shrimp,kg,2026-09-07,0.18,0.18,0.0,0.57,"(1, 1, 2)","(0, 1, 1, 5)",-858.77,-834.68,0.09,0.1,30.84,47.28
Shrimp,Shrimp,kg,2026-09-08,0.22,0.22,0.0,0.66,"(1, 1, 2)","(0, 1, 1, 5)",-858.77,-834.68,0.09,0.1,30.84,47.28
Shrimp,Shrimp,kg,2026-09-09,0.18,0.18,0.0,0.58,"(1, 1, 2)","(0, 1, 1, 5)",-858.77,-834.68,0.09,0.1,30.84,47.28
Shrimp,Shrimp,kg,2026-09-10,0.18,0.18,0.0,0.57,"(1, 1, 2)","(0, 1, 1, 5)",-858.77,-834.68,0.09,0.1,30.84,47.28
Shrimp,Shrimp,kg,2026-09-11,0.25,0.25,0.02,0.75,"(1, 1, 2)","(0, 1, 1, 5)",-858.77,-834.68,0.09,0.1,30.84,47.28
Shrimp,Shrimp,kg,2026-09-14,0.18,0.18,0.0,0.58,"(1, 1, 2)","(0, 1, 1, 5)",-858.77,-834.68,0.09,0.1,30.84,47.28
Shrimp,Shrimp,kg,2026-09-15,0.22,0.22,0.0,0.66,"(1, 1, 2)","(0, 1, 1, 5)",-858.77,-834.68,0.09,0.1,30.84,47.28
Siracha Sauce,Siracha Sauce,ml,2026-09-07,216.19,216.19,87.31,453.83,"(2, 1, 2)","(1, 1, 1, 5)",1535.05,1567.18,90.16,110.54,29.2,29.53
Siracha Sauce,Siracha Sauce,ml,2026-09-08,243.95,243.95,101.08,503.45,"(2, 1, 2)","(1, 1, 1, 5)",1535.05,1567.18,90.16,110.54,29.2,29.53
Siracha Sauce,Siracha Sauce,ml,2026-09-09,246.1,246.1,101.93,508.06,"(2, 1, 2)","(1, 1, 1, 5)",1535.05,1567.18,90.16,110.54,29.2,29.53
Siracha Sauce,Siracha Sauce,ml,2026-09-10,260.28,260.28,109.26,532.52,"(2, 1, 2)","(1, 1, 1, 5)",1535.05,1567.18,90.16,110.54,29.2,29.53
Siracha Sauce,Siracha Sauce,ml,2026-09-11,317.05,317.05,139.13,629.43,"(2, 1, 2)","(1, 1, 1, 5)",1535.05,1567.18,90.16,110.54,29.2,29.53
Siracha Sauce,Siracha Sauce,ml,2026-09-14,218.91,218.91,87.69,462.04,"(2, 1, 2)","(1, 1, 1, 5)",1535.05,1567.18,90.16,110.54,29.2,29.53
Siracha Sauce,Siracha Sauce,ml,2026-09-15,235.89,235.89,96.17,492.14,"(2, 1, 2)","(1, 1, 1, 5)",1535.05,1567.18,90.16,110.54,29.2,29.53
Spaghetti Pasta,Spaghetti Pasta,kg,2026-09-07,1.33,1.33,0.57,2.58,"(1, 1, 1)","(1, 1, 1, 5)",-239.45,-215.34,0.58,0.65,41.84,34.67
Spaghetti Pasta,Spaghetti Pasta,kg,2026-09-08,1.5,1.5,0.68,2.87,"(1, 1, 1)","(1, 1, 1, 5)",-239.45,-215.34,0.58,0.65,41.84,34.67
Spaghetti Pasta,Spaghetti Pasta,kg,2026-09-09,1.63,1.63,0.76,3.09,"(1, 1, 1)","(1, 1, 1, 5)",-239.45,-215.34,0.58,0.65,41.84,34.67
Spaghetti Pasta,Spaghetti Pasta,kg,2026-09-10,1.69,1.69,0.79,3.19,"(1, 1, 1)","(1, 1, 1, 5)",-239.45,-215.34,0.58,0.65,41.84,34.67
Spaghetti Pasta,Spaghetti Pasta,kg,2026-09-11,1.82,1.82,0.87,3.41,"(1, 1, 1)","(1, 1, 1, 5)",-239.45,-215.34,0.58,0.65,41.84,34.67
Spaghetti Pasta,Spaghetti Pasta,kg,2026-09-14,1.36,1.36,0.59,2.63,"(1, 1, 1)","(1, 1, 1, 5)",-239.45,-215.34,0.58,0.65,41.84,34.67
Spaghetti Pasta,Spaghetti Pasta,kg,2026-09-15,1.52,1.52,0.69,2.9,"(1, 1, 1)","(1, 1, 1, 5)",-239.45,-215.34,0.58,0.65,41.84,34.67
Spanish Sardines,Spanish Sardines,kg,2026-09-07,0.2,0.2,0.0,0.6,"(0, 1, 1)","(1, 0, 0, 5)",-859.78,-843.63,0.12,0.13,54.68,64.21
Spanish Sardines,Spanish Sardines,kg,2026-09-08,0.2,0.2,0.0,0.6,"(0, 1, 1)","(1, 0, 0, 5)",-859.78,-843.63,0.12,0.13,54.68,64.21
Spanish Sardines,Spanish Sardines,kg,2026-09-09,0.21,0.21,0.0,0.61,"(0, 1, 1)","(1, 0, 0, 5)",-859.78,-843.63,0.12,0.13,54.68,64.21
Spanish Sardines,Spanish Sardines,kg,2026-09-10,0.2,0.2,0.0,0.58,"(0, 1, 1)","(1, 0, 0, 5)",-859.78,-843.63,0.12,0.13,54.68,64.21
Spanish Sardines,Spanish Sardines,kg,2026-09-11,0.19,0.19,0.0,0.58,"(0, 1, 1)","(1, 0, 0, 5)",-859.78,-843.63,0.12,0.13,54.68,64.21
Spanish Sardines,Spanish Sardines,kg,2026-09-14,0.2,0.2,0.0,0.59,"(0, 1, 1)","(1, 0, 0, 5)",-859.78,-843.63,0.12,0.13,54.68,64.21
Spanish Sardines,Spanish Sardines,kg,2026-09-15,0.2,0.2,0.0,0.59,"(0, 1, 1)","(1, 0, 0, 5)",-859.78,-843.63,0.12,0.13,54.68,64.21
Strawberries,Strawberries,g,2026-09-07,219.08,219.08,44.11,482.16,"(2, 1, 1)","(0, 1, 1, 5)",3396.04,3420.15,70.08,97.68,23.16,32.34
Strawberries,Strawberries,g,2026-09-08,218.78,218.78,43.94,481.76,"(2, 1, 1)","(0, 1, 1, 5)",3396.04,3420.15,70.08,97.68,23.16,32.34
Strawberries,Strawberries,g,2026-09-09,196.2,196.2,31.72,452.0,"(2, 1, 1)","(0, 1, 1, 5)",3396.04,3420.15,70.08,97.68,23.16,32.34
Strawberries,Strawberries,g,2026-09-10,240.79,240.79,55.8,512.4,"(2, 1, 1)","(0, 1, 1, 5)",3396.04,3420.15,70.08,97.68,23.16,32.34
Strawberries,Strawberries,g,2026-09-11,259.42,259.42,66.69,537.17,"(2, 1, 1)","(0, 1, 1, 5)",3396.04,3420.15,70.08,97.68,23.16,32.34
Strawberries,Strawberries,g,2026-09-14,212.88,212.88,40.32,474.88,"(2, 1, 1)","(0, 1, 1, 5)",3396.04,3420.15,70.08,97.68,23.16,32.34
Strawberries,Strawberries,g,2026-09-15,219.67,219.67,43.97,484.1,"(2, 1, 1)","(0, 1, 1, 5)",3396.04,3420.15,70.08,97.68,23.16,32.34
Strawberry Syrup,Strawberry Syrup,ml,2026-09-07,353.75,353.75,96.55,717.02,"(2, 1, 0)","(0, 1, 1, 5)",3563.12,3583.22,101.43,128.59,43.82,41.57
Strawberry Syrup,Strawberry Syrup,ml,2026-09-08,385.35,385.35,106.07,779.22,"(2, 1, 0)","(0, 1, 1, 5)",3563.12,3583.22,101.43,128.59,43.82,41.57
Strawberry Syrup,Strawberry Syrup,ml,2026-09-09,401.1,401.1,98.04,837.89,"(2, 1, 0)","(0, 1, 1, 5)",3563.12,3583.22,101.43,128.59,43.82,41.57
Strawberry Syrup,Strawberry Syrup,ml,2026-09-10,428.61,428.61,86.27,938.46,"(2, 1, 0)","(0, 1, 1, 5)",3563.12,3583.22,101.43,128.59,43.82,41.57
Strawberry Syrup,Strawberry Syrup,ml,2026-09-11,448.16,448.16,82.8,999.72,"(2, 1, 0)","(0, 1, 1, 5)",3563.12,3583.22,101.43,128.59,43.82,41.57
Strawberry Syrup,Strawberry Syrup,ml,2026-09-14,390.59,390.59,40.17,962.41,"(2, 1, 0)","(0, 1, 1, 5)",3563.12,3583.22,101.43,128.59,43.82,41.57
Strawberry Syrup,Strawberry Syrup,ml,2026-09-15,395.83,395.83,30.44,1010.83,"(2, 1, 0)","(0, 1, 1, 5)",3563.12,3583.22,101.43,128.59,43.82,41.57
Tomato Sauce,Tomato Sauce,L,2026-09-07,1.73,1.73,0.92,3.46,"(1, 1, 0)","(1, 1, 1, 5)",-782.29,-762.18,0.47,0.55,27.93,25.55
Tomato Sauce,Tomato Sauce,L,2026-09-08,2.24,2.24,1.05,5.74,"(1, 1, 0)","(1, 1, 1, 5)",-782.29,-762.18,0.47,0.55,27.93,25.55
Tomato Sauce,Tomato Sauce,L,2026-09-09,2.25,2.25,0.92,7.41,"(1, 1, 0)","(1, 1, 1, 5)",-782.29,-762.18,0.47,0.55,27.93,25.55
Tomato Sauce,Tomato Sauce,L,2026-09-10,2.5,2.5,0.9,11.27,"(1, 1, 0)","(1, 1, 1, 5)",-782.29,-762.18,0.47,0.55,27.93,25.55
Tomato Sauce,Tomato Sauce,L,2026-09-11,2.57,2.57,0.83,15.94,"(1, 1, 0)","(1, 1, 1, 5)",-782.29,-762.18,0.47,0.55,27.93,25.55
Tomato Sauce,Tomato Sauce,L,2026-09-14,1.94,1.94,0.58,9.81,"(1, 1, 0)","(1, 1, 1, 5)",-782.29,-762.18,0.47,0.55,27.93,25.55
Tomato Sauce,Tomato Sauce,L,2026-09-15,2.16,2.16,0.6,15.3,"(1, 1, 0)","(1, 1, 1, 5)",-782.29,-762.18,0.47,0.55,27.93,25.55
Tortilla,Tortilla,pcs,2026-09-07,3.65,3.65,0.0,11.75,"(2, 1, 2)","(1, 1, 1, 5)",1276.01,1308.14,1.69,2.0,28.66,46.35
Tortilla,Tortilla,pcs,2026-09-08,4.4,4.4,0.2,13.16,"(2, 1, 2)","(1, 1, 1, 5)",1276.01,1308.14,1.69,2.0,28.66,46.35
Tortilla,Tortilla,pcs,2026-09-09,3.62,3.62,0.0,11.71,"(2, 1, 2)","(1, 1, 1, 5)",1276.01,1308.14,1.69,2.0,28.66,46.35
Tortilla,Tortilla,pcs,2026-09-10,3.64,3.64,0.0,11.76,"(2, 1, 2)","(1, 1, 1, 5)",1276.01,1308.14,1.69,2.0,28.66,46.35
Tortilla,Tortilla,pcs,2026-09-11,5.16,5.16,0.5,14.54,"(2, 1, 2)","(1, 1, 1, 5)",1276.01,1308.14,1.69,2.0,28.66,46.35
Tortilla,Tortilla,pcs,2026-09-14,3.7,3.7,0.0,11.85,"(2, 1, 2)","(1, 1, 1, 5)",1276.01,1308.14,1.69,2.0,28.66,46.35
Tortilla,Tortilla,pcs,2026-09-15,4.4,4.4,0.19,13.16,"(2, 1, 2)","(1, 1, 1, 5)",1276.01,1308.14,1.69,2.0,28.66,46.35
Tuna Flakes,Tuna Flakes,kg,2026-09-07,0.3,0.3,0.05,0.71,"(2, 1, 2)","(0, 1, 1, 5)",-780.85,-752.74,0.15,0.17,41.29,44.13
Tuna Flakes,Tuna Flakes,kg,2026-09-08,0.35,0.35,0.09,0.81,"(2, 1, 2)","(0, 1, 1, 5)",-780.85,-752.74,0.15,0.17,41.29,44.13
Tuna Flakes,Tuna Flakes,kg,2026-09-09,0.34,0.34,0.08,0.79,"(2, 1, 2)","(0, 1, 1, 5)",-780.85,-752.74,0.15,0.17,41.29,44.13
Tuna Flakes,Tuna Flakes,kg,2026-09-10,0.36,0.36,0.09,0.82,"(2, 1, 2)","(0, 1, 1, 5)",-780.85,-752.74,0.15,0.17,41.29,44.13
Tuna Flakes,Tuna Flakes,kg,2026-09-11,0.41,0.41,0.12,0.91,"(2, 1, 2)","(0, 1, 1, 5)",-780.85,-752.74,0.15,0.17,41.29,44.13
Tuna Flakes,Tuna Flakes,kg,2026-09-14,0.3,0.3,0.05,0.71,"(2, 1, 2)","(0, 1, 1, 5)",-780.85,-752.74,0.15,0.17,41.29,44.13
Tuna Flakes,Tuna Flakes,kg,2026-09-15,0.33,0.33,0.07,0.77,"(2, 1, 2)","(0, 1, 1, 5)",-780.85,-752.74,0.15,0.17,41.29,44.13
Waffle Batter,Waffle Batter,kg,2026-09-07,0.65,0.65,0.15,1.49,"(2, 1, 1)","(0, 0, 0, 5)",-279.72,-259.51,0.22,0.31,23.62,33.75
Waffle Batter,Waffle Batter,kg,2026-09-08,0.64,0.64,0.14,1.47,"(2, 1, 1)","(0, 0, 0, 5)",-279.72,-259.51,0.22,0.31,23.62,33.75
Waffle Batter,Waffle Batter,kg,2026-09-09,0.64,0.64,0.14,1.47,"(2, 1, 1)","(0, 0, 0, 5)",-279.72,-259.51,0.22,0.31,23.62,33.75
Waffle Batter,Waffle Batter,kg,2026-09-10,0.64,0.64,0.14,1.47,"(2, 1, 1)","(0, 0, 0, 5)",-279.72,-259.51,0.22,0.31,23.62,33.75
Waffle Batter,Waffle Batter,kg,2026-09-11,0.64,0.64,0.14,1.47,"(2, 1, 1)","(0, 0, 0, 5)",-279.72,-259.51,0.22,0.31,23.62,33.75
Waffle Batter,Waffle Batter,kg,2026-09-14,0.64,0.64,0.14,1.47,"(2, 1, 1)","(0, 0, 0, 5)",-279.72,-259.51,0.22,0.31,23.62,33.75
Waffle Batter,Waffle Batter,kg,2026-09-15,0.64,0.64,0.14,1.47,"(2, 1, 1)","(0, 0, 0, 5)",-279.72,-259.51,0.22,0.31,23.62,33.75
Whipped Cream,Whipped Cream,g,2026-09-07,598.16,598.16,392.46,1023.41,"(2, 1, 1)","(1, 0, 1, 5)",-2706.8,-2678.59,65.62,86.39,9.64,10.02
Whipped Cream,Whipped Cream,g,2026-09-08,591.4,591.4,388.4,1010.26,"(2, 1, 1)","(1, 0, 1, 5)",-2706.8,-2678.59,65.62,86.39,9.64,10.02
Whipped Cream,Whipped Cream,g,2026-09-09,580.13,580.13,382.02,986.71,"(2, 1, 1)","(1, 0, 1, 5)",-2706.8,-2678.59,65.62,86.39,9.64,10.02
Whipped Cream,Whipped Cream,g,2026-09-10,596.56,596.56,390.69,1023.78,"(2, 1, 1)","(1, 0, 1, 5)",-2706.8,-2678.59,65.62,86.39,9.64,10.02
Whipped Cream,Whipped Cream,g,2026-09-11,624.71,624.71,405.42,1088.23,"(2, 1, 1)","(1, 0, 1, 5)",-2706.8,-2678.59,65.62,86.39,9.64,10.02
Whipped Cream,Whipped Cream,g,2026-09-14,596.43,596.43,386.53,1041.34,"(2, 1, 1)","(1, 0, 1, 5)",-2706.8,-2678.59,65.62,86.39,9.64,10.02
Whipped Cream,Whipped Cream,g,2026-09-15,593.4,593.4,384.86,1034.73,"(2, 1, 1)","(1, 0, 1, 5)",-2706.8,-2678.59,65.62,86.39,9.64,10.02
