product_name,category,variant_name,price
Creamy Tuna Pesto,Pasta,Solo,220.0
Creamy Tuna Pesto,Pasta,Family,820.0
Chicken Carbonara,Pasta,Solo,240.0
Chicken Carbonara,Pasta,Family,920.0
Spanish Sardines,Pasta,Solo,280.0
Spanish Sardines,Pasta,Family,980.0
Beef Lasagna,Pasta,Solo,470.0
Beef Lasagna,Pasta,Family,1350.0
Pork Tocino,All Day Breakfast,Regular,160.0
Beef Tapa,All Day Breakfast,Regular,225.0
Crispy Naked Longganisa,All Day Breakfast,Regular,165.0
Pan-Fried Baby Bangus,All Day Breakfast,Regular,275.0
Chicken Wings 8 pcs,Ala Carte,Regular,320.0
Soft tacos 2 pcs - Beef,Ala Carte,Regular,170.0
Soft tacos 2 pcs - Shrimp,Ala Carte,Regular,170.0
Cheese Nachos,Ala Carte,Regular,120.0
Beef Nachos,Ala Carte,Regular,165.0
French Fries,Ala Carte,Regular,110.0
Margherita,Pizza,Good for 2,250.0
Four Cheese,Pizza,Good for 2,300.0
Pepperoni,Pizza,Spicy,300.0
Pepperoni,Pizza,Non Spicy,300.0
Pesto Tapa,Pizza,Good for 2,370.0
Egg,Extras,Regular,20.0
Rice,Extras,Regular,30.0
Bottled Water,Extras,Regular,25.0
Homemade Hot Sauce (150ml),Extras,150ml,150.0
Spicy Suka (150ml),Extras,150ml,80.0
Cubano (espresso shot),Coffee,Hot 12oz,60.0
Cafe Americano,Coffee,Hot 12oz,100.0
Cafe Americano,Coffee,Iced 22oz,110.0
Cappucino,Coffee,Hot 12oz,120.0
Cappucino,Coffee,Iced 22oz,135.0
Latte,Coffee,Hot 12oz,120.0
Latte,Coffee,Iced 22oz,135.0
Spanish Latte,Coffee,Hot 12oz,135.0
Spanish Latte,Coffee,Iced 22oz,160.0
Mocha,Coffee,Hot 12oz,135.0
Mocha,Coffee,Iced 22oz,160.0
Cold Brew,Coffee,Iced 22oz,120.0
Caramel Macchiato,Coffee,Hot 12oz,150.0
Caramel Macchiato,Coffee,Iced 22oz,175.0
Hazelnut Macchiato,Coffee,Hot 12oz,150.0
Hazelnut Macchiato,Coffee,Iced 22oz,175.0
Matcha Espresso Latte,Coffee,Hot 12oz,165.0
Matcha Espresso Latte,Coffee,Iced 22oz,195.0
Cold Foam Espresso,Coffee,Iced 22oz,170.0
Taho Kape Latte,Coffee,Iced 22oz,170.0
Blackadamia,Coffee,Iced 22oz,185.0
Crème-Bru Latte,Coffee,Iced 22oz,225.0
Biscoff Coffee Latte,Coffee,Iced 22oz,265.0
Dark Chocolate,Non-Coffee,Hot 12oz,130.0
Dark Chocolate,Non-Coffee,Iced 22oz,150.0
Matcha Latte,Non-Coffee,Hot 12oz,130.0
Matcha Latte,Non-Coffee,Iced 22oz,170.0
Houseblend Iced Tea,Non-Coffee,Iced 22oz,150.0
Thai Milktea,Non-Coffee,Iced 22oz,150.0
Strawberry Taho Latte,Non-Coffee,Iced 22oz,165.0
Mango Shake,Non-Coffee,Iced 22oz,150.0
Chai Tea Latte,Non-Coffee,Hot 12oz,140.0
Chai Tea Latte,Non-Coffee,Iced 22oz,175.0
Classic Lemon,Lemonade,Hot 12oz,80.0
Classic Lemon,Lemonade,Iced 22oz,85.0
Passion Fruit,Lemonade,Iced 22oz,100.0
Strawberiri,Lemonade,Iced 22oz,100.0
Mango Trail,Lemonade,Iced 22oz,100.0
Butterfly Pea (Violet Drink),Lemonade,Iced 22oz,130.0
Mocha Chip,Coffee Based,Regular 22oz,225.0
White Caramel Mocha,Coffee Based,Regular 22oz,225.0
Peppermint Mocha,Coffee Based,Regular 22oz,240.0
Vanilla Bean Strawberry,Non-Coffee Based,Regular 22oz,205.0
Double Choco Chip,Non-Coffee Based,Regular 22oz,205.0
Oreo Cookie Crumble,Non-Coffee Based,Regular 22oz,205.0
Matcha Choco Drizzle,Non-Coffee Based,Regular 22oz,205.0
Peach Milk,Non-Coffee Based,Regular 22oz,205.0
Butter Sugar Crepe,Crepes,Regular,80.0
Death by Chocolate Crepe,Crepes,Regular,145.0
Strawberries & Cream Crepe,Crepes,Regular,145.0
Monkey Madness Crepe,Crepes,Regular,145.0
Mango Dream Crepe,Crepes,Regular,145.0
Original Waffles,Waffles,Regular,120.0
Strawberry Mallow Waffles,Waffles,Regular,185.0
Choco Cream Waffles,Waffles,Regular,185.0
Caramel Mocha Waffles,Waffles,Regular,185.0
Nutty Mango Waffles,Waffles,Regular,185.0
